token,total_count,baseline_count,up_count_x,down_count_x,baseline_freq,up_freq,down_freq,up_enrichment,down_enrichment,up_vs_down,up_pvalue,down_pvalue,up_significant,down_significant,up_delta_mean,up_delta_std,up_count_y,down_delta_mean,down_delta_std,down_count_y,baseline_rank_mean,up_rank_mean,down_rank_mean,up_rank_change,down_rank_change,category
"
",35,12,11,12,0.0021390374331550803,0.0021446675765256387,0.0022304832713754648,0.013773671452321666,0.06036163394250956,-0.046587962490187894,1.0,1.0,False,False,0.875,1.415317985471816,11.0,2.2386363636363638,1.936858398165817,11.0,1.0,1.0,1.0,0.0,0.0,UP_SUPPRESSED|DOWN_SUPPRESSED
"

",13,4,2,7,0.00071301247771836,0.0003899395593682979,0.0013011152416356876,-0.6077147052939482,0.7384335390551474,-1.3461482443490955,0.7650018327029426,0.5009997432331685,False,False,0.0,0.0,0.0,0.0,0.0,0.0,0.0,0.0,0.0,0.0,0.0,DOWN_SAMPLING_ARTIFACT
 ,29,9,10,10,0.0016042780748663102,0.0019496977968414895,0.0018587360594795538,0.26675441262219296,0.19786515769244456,0.0688892549297484,0.84491981265795,0.9272363370920554,False,False,0.0,0.0,0.0,0.0,0.0,0.0,0.0,0.0,0.0,0.0,0.0,NEUTRAL
" 

",45,13,12,20,0.0023172905525846704,0.0023396373562097877,0.0037174721189591076,0.022335684955745914,0.6453241346636659,-0.62298844970792,1.0,0.24333279151019482,False,False,0.0,0.0,0.0,0.0,0.0,0.0,0.0,0.0,0.0,0.0,0.0,DOWN_SAMPLING_ARTIFACT
" """,64,28,21,15,0.004991087344028521,0.004094365373367128,0.0027881040892193307,-0.26929848761801695,-0.7976193611850624,0.5283208735670455,0.5854753123835383,0.08980241943522733,False,False,0.0,0.0,0.0,0.0,0.0,0.0,0.0,0.0,0.0,0.0,0.0,NEUTRAL
 (,19,8,6,5,0.00142602495543672,0.0011698186781048938,0.0009293680297397769,-0.23331919051245048,-0.5246008667786467,0.2912816762661962,0.9204732813047523,0.631489411683463,False,False,0.0,0.0,0.0,0.0,0.0,0.0,0.0,0.0,0.0,0.0,0.0,NEUTRAL
 **,17,4,1,12,0.00071301247771836,0.00019496977968414895,0.0022304832713754648,-1.1926772060151045,1.4388732571962393,-2.631550463211344,0.42646417443286533,0.06643893112665249,False,False,0.0,0.0,0.0,0.0,0.0,0.0,0.0,0.0,0.0,0.0,0.0,DOWN_SAMPLING_ARTIFACT
 A,12,3,3,6,0.0005347593582887701,0.0005849093390524469,0.0011152416356877324,0.12925088887225783,0.8677165560001138,-0.738465667127856,1.0,0.4654453548485197,False,False,0.0,0.0,0.0,0.0,0.0,0.0,0.0,0.0,0.0,0.0,0.0,DOWN_SAMPLING_ARTIFACT
 AC,20,6,9,5,0.0010695187165775401,0.0017547280171573405,0.0009293680297397769,0.643824061702016,-0.16203078739393834,0.8058548490959543,0.48953751965613634,1.0,False,False,0.0,0.0,0.0,0.0,0.0,0.0,0.0,0.0,0.0,0.0,0.0,UP_SAMPLING_ARTIFACT
 Also,56,20,20,16,0.0035650623885918,0.003899395593682979,0.002973977695167286,0.12925088887225755,-0.24449294758591142,0.373743836458169,0.9001096865780848,0.7075650994926889,False,False,0.0,0.0,0.0,0.0,0.0,0.0,0.0,0.0,0.0,0.0,0.0,NEUTRAL
 Alternatively,13,5,6,2,0.00089126559714795,0.0011698186781048938,0.0003717472118959108,0.3516433102087059,-0.9396383660574904,1.2912816762661963,0.8817294959721979,0.48334352733900954,False,False,0.0,0.0,0.0,0.0,0.0,0.0,0.0,0.0,0.0,0.0,0.0,NEUTRAL
 Ass,10,10,0,0,0.0017825311942959,0.0,0.0,-3.3301807297650394,-3.3990699846947874,0.06888925492974796,0.006761061590623403,0.005406763395317738,False,False,0.0,0.0,0.0,0.0,0.0,0.0,0.0,0.0,0.0,0.0,0.0,NEUTRAL
 B,10,3,4,3,0.0005347593582887701,0.0007798791187365958,0.0005576208178438662,0.4511789837596201,0.06036163394250956,0.3908173498171106,0.9055439560691109,1.0,False,False,0.0,0.0,0.0,0.0,0.0,0.0,0.0,0.0,0.0,0.0,0.0,NEUTRAL
 But,65,28,21,16,0.004991087344028521,0.004094365373367128,0.002973977695167286,-0.26929848761801695,-0.7101565199347233,0.44085803231670634,0.5854753123835383,0.12778987581502838,False,False,0.0,0.0,0.0,0.0,0.0,0.0,0.0,0.0,0.0,0.0,0.0,NEUTRAL
 EU,13,2,9,2,0.00035650623885918,0.0017547280171573405,0.0003717472118959108,1.866216483038464,0.06036163394250956,1.8058548490959545,0.04992678545580071,1.0,False,False,0.0,0.0,0.0,0.0,0.0,0.0,0.0,0.0,0.0,0.0,0.0,UP_SAMPLING_ARTIFACT
 For,18,2,9,7,0.00035650623885918,0.0017547280171573405,0.0013011152416356876,1.866216483038464,1.4753991332213536,0.39081734981711036,0.04992678545580071,0.16241487662781462,False,False,0.0,0.0,0.0,0.0,0.0,0.0,0.0,0.0,0.0,0.0,0.0,UP_SAMPLING_ARTIFACT|DOWN_SAMPLING_ARTIFACT
 Germany,43,16,15,12,0.00285204991087344,0.002924546695262234,0.0022304832713754648,0.041788047621918435,-0.3266614891667377,0.36844953678865616,1.0,0.6477516510390711,False,False,0.0,0.0,0.0,0.0,0.0,0.0,0.0,0.0,0.0,0.0,0.0,NEUTRAL
 However,11,4,3,4,0.00071301247771836,0.0005849093390524469,0.0007434944237918215,-0.19267720601510446,0.06036163394250956,-0.253038839957614,1.0,1.0,False,False,0.0,0.0,0.0,0.0,0.0,0.0,0.0,0.0,0.0,0.0,0.0,NEUTRAL
 Hunt,26,6,15,5,0.0010695187165775401,0.002924546695262234,0.0009293680297397769,1.3218959668146537,-0.16203078739393834,1.483926754208592,0.050598533462273915,1.0,False,False,0.0,0.0,0.0,0.0,0.0,0.0,0.0,0.0,0.0,0.0,0.0,UP_SAMPLING_ARTIFACT
 I,147,43,43,61,0.007664884135472371,0.008383700526418405,0.01133828996282528,0.12925088887225783,0.5551263256920875,-0.4258754368198297,0.7572593130728191,0.05878635181449686,False,False,0.0,0.0,0.0,0.0,0.0,0.0,0.0,0.0,0.0,0.0,0.0,DOWN_SAMPLING_ARTIFACT
 It,27,10,5,12,0.0017825311942959,0.0009748488984207448,0.0022304832713754648,-0.7452182290438834,0.3013697334463044,-1.0465879624901877,0.38935415075669966,0.7552360930812431,False,False,0.0,0.0,0.0,0.0,0.0,0.0,0.0,0.0,0.0,0.0,0.0,NEUTRAL
 Lee,26,6,15,5,0.0010695187165775401,0.002924546695262234,0.0009293680297397769,1.3218959668146537,-0.16203078739393834,1.483926754208592,0.050598533462273915,1.0,False,False,0.0,0.0,0.0,0.0,0.0,0.0,0.0,0.0,0.0,0.0,0.0,UP_SAMPLING_ARTIFACT
 Let,44,12,16,16,0.0021390374331550803,0.003119516474946383,0.002973977695167286,0.516274011981505,0.44738475705175684,0.06888925492974818,0.42035123773617966,0.4973270221050732,False,False,0.0,0.0,0.0,0.0,0.0,0.0,0.0,0.0,0.0,0.0,0.0,UP_SAMPLING_ARTIFACT
 Maybe,76,30,25,21,0.0053475935828877,0.004874244492103724,0.003903345724907063,-0.12450570337352522,-0.4344030578070682,0.309897354433543,0.835284008885453,0.33043358238650133,False,False,0.0,0.0,0.0,0.0,0.0,0.0,0.0,0.0,0.0,0.0,0.0,NEUTRAL
 Parliament,11,4,5,2,0.00071301247771836,0.0009748488984207448,0.0003717472118959108,0.3922852947060518,-0.6766039602236964,1.0688892549297482,0.8929586332650301,0.7209714329833652,False,False,0.0,0.0,0.0,0.0,0.0,0.0,0.0,0.0,0.0,0.0,0.0,NEUTRAL
 Raw,15,3,6,6,0.0005347593582887701,0.0011698186781048938,0.0011152416356877324,0.9366058109298618,0.8677165560001138,0.06888925492974807,0.42245020950791823,0.4654453548485197,False,False,0.0,0.0,0.0,0.0,0.0,0.0,0.0,0.0,0.0,0.0,0.0,UP_SAMPLING_ARTIFACT|DOWN_SAMPLING_ARTIFACT
 Ray,24,6,13,5,0.0010695187165775401,0.0025346071358939366,0.0009293680297397769,1.1292508888722579,-0.16203078739393834,1.2912816762661963,0.11532521393671841,1.0,False,False,0.0,0.0,0.0,0.0,0.0,0.0,0.0,0.0,0.0,0.0,0.0,UP_SAMPLING_ARTIFACT
 Royal,11,11,0,0,0.00196078431372549,0.0,0.0,-3.455711611848898,-3.5246008667786466,0.0688892549297484,0.004092892062331832,0.0032001955722904866,False,False,0.0,0.0,0.0,0.0,0.0,0.0,0.0,0.0,0.0,0.0,0.0,NEUTRAL
 Scottish,13,4,4,5,0.00071301247771836,0.0007798791187365958,0.0009293680297397769,0.12925088887225783,0.32339603977630355,-0.19414515090404572,1.0,0.9499067877020392,False,False,0.0,0.0,0.0,0.0,0.0,0.0,0.0,0.0,0.0,0.0,0.0,NEUTRAL
 Smooth,19,7,7,5,0.0012477718360071302,0.0013647884577890426,0.0009293680297397769,0.12925088887225783,-0.35467586533633416,0.483926754208592,1.0,0.8287199922414082,False,False,0.0,0.0,0.0,0.0,0.0,0.0,0.0,0.0,0.0,0.0,0.0,NEUTRAL
 So,42,17,14,11,0.0030303030303030303,0.002729576915578085,0.0020446096654275093,-0.13378351696153618,-0.5246008667786467,0.3908173498171105,0.9123303065055278,0.40348260016763915,False,False,0.0,0.0,0.0,0.0,0.0,0.0,0.0,0.0,0.0,0.0,0.0,NEUTRAL
 That,13,4,7,2,0.00071301247771836,0.0013647884577890426,0.0003717472118959108,0.8073227939848955,-0.6766039602236964,1.4839267542085919,0.45162119690799973,0.7209714329833652,False,False,0.0,0.0,0.0,0.0,0.0,0.0,0.0,0.0,0.0,0.0,0.0,UP_SAMPLING_ARTIFACT
 The,87,30,22,35,0.0053475935828877,0.004289335153051277,0.006505576208178439,-0.3013834654576046,0.2760903249979469,-0.5774737904555515,0.5157140721566451,0.5047799130549409,False,False,0.0,0.0,0.0,0.0,0.0,0.0,0.0,0.0,0.0,0.0,0.0,NEUTRAL
 Then,14,4,8,2,0.00071301247771836,0.0015597582374731916,0.0003717472118959108,0.9772477954272077,-0.6766039602236964,1.653851755650904,0.3064118578171081,0.7209714329833652,False,False,0.0,0.0,0.0,0.0,0.0,0.0,0.0,0.0,0.0,0.0,0.0,UP_SAMPLING_ARTIFACT
 They,12,1,4,7,0.00017825311942959,0.0007798791187365958,0.0013011152416356876,1.45117898375962,2.0603616339425095,-0.6091826501828894,0.3193416424613109,0.0675456059464925,False,False,0.0,0.0,0.0,0.0,0.0,0.0,0.0,0.0,0.0,0.0,0.0,UP_SAMPLING_ARTIFACT|DOWN_SAMPLING_ARTIFACT
 Voice,22,13,0,9,0.0023172905525846704,0.0,0.0016728624535315986,-3.6781040331853463,-0.4250651932277321,-3.2530388399576142,0.0015149204221038017,0.5877481999837221,False,False,0.0,0.0,0.0,0.0,0.0,0.0,0.0,0.0,0.0,0.0,0.0,NEUTRAL
 Wait,10,4,1,5,0.00071301247771836,0.00019496977968414895,0.0009293680297397769,-1.1926772060151045,0.32339603977630355,-1.5160732457914081,0.42646417443286533,0.9499067877020392,False,False,0.0,0.0,0.0,0.0,0.0,0.0,0.0,0.0,0.0,0.0,0.0,NEUTRAL
 a,431,137,143,151,0.024420677361853833,0.027880678494833302,0.028066914498141263,0.19065143353640088,0.19976469060792584,-0.009113257071524966,0.28764870046082247,0.2557769997837907,False,False,-8.822916666666666,8.34375344238748,18.0,-8.927083333333334,7.714019001429266,18.0,1.0,13.833333333333334,12.222222222222221,-12.833333333333334,-11.222222222222221,NEUTRAL
 about,61,20,19,22,0.0035650623885918,0.00370442581399883,0.004089219330855019,0.05886156098085981,0.19160616722076232,-0.1327446062399025,1.0,0.7713937556564379,False,False,0.0,0.0,0.0,0.0,0.0,0.0,0.0,0.0,0.0,0.0,0.0,NEUTRAL
 addresses,20,4,9,7,0.00071301247771836,0.0017547280171573405,0.0013011152416356876,1.1292508888722579,0.7384335390551474,0.39081734981711047,0.20303914774092013,0.5009997432331685,False,False,0.0,0.0,0.0,0.0,0.0,0.0,0.0,0.0,0.0,0.0,0.0,UP_SAMPLING_ARTIFACT|DOWN_SAMPLING_ARTIFACT
 again,10,3,1,6,0.0005347593582887701,0.00019496977968414895,0.0011152416356877324,-0.8707491111277421,0.8677165560001138,-1.7384656671278558,0.6811394096386536,0.4654453548485197,False,False,0.0,0.0,0.0,0.0,0.0,0.0,0.0,0.0,0.0,0.0,0.0,DOWN_SAMPLING_ARTIFACT
 all,11,5,3,3,0.00089126559714795,0.0005849093390524469,0.0005576208178438662,-0.45571161184889836,-0.5246008667786465,0.06888925492974812,0.820283287015559,0.7683518414530665,False,False,0.0,0.0,0.0,0.0,0.0,0.0,0.0,0.0,0.0,0.0,0.0,NEUTRAL
 also,37,10,12,15,0.0017825311942959,0.0023396373562097877,0.0027881040892193307,0.3702589883760526,0.6009300153052125,-0.23067102692915992,0.6714604906165851,0.36500483525479277,False,False,0.0,0.0,0.0,0.0,0.0,0.0,0.0,0.0,0.0,0.0,0.0,DOWN_SAMPLING_ARTIFACT
 and,271,90,81,100,0.016042780748663103,0.015792552154416065,0.01858736059479554,-0.020991746708354853,0.21077847649560807,-0.23177022320396293,0.9790130469749262,0.3421856340863651,False,False,-14.4125,6.393641046644183,10.0,-10.20625,5.441453703081354,10.0,1.0,15.5,11.1,-14.5,-10.1,NEUTRAL
 answer,40,13,17,10,0.0023172905525846704,0.003314486254630532,0.0018587360594795538,0.49182096825696603,-0.28756166947779715,0.7793826377347632,0.42663943226554224,0.7511962343651277,False,False,0.0,0.0,0.0,0.0,0.0,0.0,0.0,0.0,0.0,0.0,0.0,NEUTRAL
 any,41,17,15,9,0.0030303030303030303,0.002924546695262234,0.0016728624535315986,-0.040674112570054634,-0.7876352726124406,0.746961160042386,1.0,0.20484149213765077,False,False,0.0,0.0,0.0,0.0,0.0,0.0,0.0,0.0,0.0,0.0,0.0,NEUTRAL
 are,63,18,29,16,0.0032085561497326204,0.00565412361084032,0.002973977695167286,0.7882139710371908,-0.10010303825073646,0.8883170092879273,0.07649933887581947,0.9604767715093312,False,False,0.0,0.0,0.0,0.0,0.0,0.0,0.0,0.0,0.0,0.0,0.0,UP_SAMPLING_ARTIFACT
 as,28,8,11,9,0.00142602495543672,0.0021446675765256387,0.0016728624535315986,0.5442883881511017,0.21236472738755943,0.3319236607635423,0.5122722717891575,0.931168663011578,False,False,0.0,0.0,0.0,0.0,0.0,0.0,0.0,0.0,0.0,0.0,0.0,UP_SAMPLING_ARTIFACT
 asking,30,13,9,8,0.0023172905525846704,0.0017547280171573405,0.001486988847583643,-0.356175938297984,-0.577068286672782,0.220892348374798,0.6669113073785649,0.4366393809010851,False,False,0.0,0.0,0.0,0.0,0.0,0.0,0.0,0.0,0.0,0.0,0.0,NEUTRAL
 ass,32,3,18,11,0.0005347593582887701,0.003509456034314681,0.0020446096654275093,2.377178402315843,1.6453241346636658,0.7318542676521773,0.0010878010046975219,0.051080310070855624,False,False,0.0,0.0,0.0,0.0,0.0,0.0,0.0,0.0,0.0,0.0,0.0,UP_SAMPLING_ARTIFACT|DOWN_SAMPLING_ARTIFACT
 associated,10,1,6,3,0.00017825311942959,0.0011698186781048938,0.0005576208178438662,1.9366058109298618,1.0603616339425095,0.8762441769873524,0.10256764637734944,0.5877678099722852,False,False,0.0,0.0,0.0,0.0,0.0,0.0,0.0,0.0,0.0,0.0,0.0,UP_SAMPLING_ARTIFACT|DOWN_SAMPLING_ARTIFACT
 at,11,6,3,2,0.0010695187165775401,0.0005849093390524469,0.0003717472118959108,-0.6781040331853463,-1.1620307873939384,0.4839267542085921,0.5939956707322199,0.31631911358407366,False,False,0.0,0.0,0.0,0.0,0.0,0.0,0.0,0.0,0.0,0.0,0.0,NEUTRAL
 be,118,40,44,34,0.0071301247771836,0.008578670306102555,0.006319702602230483,0.2635519805838486,-0.1679073537306077,0.43145933431445627,0.45840187553964495,0.687203130622172,False,False,0.0,0.0,0.0,0.0,0.0,0.0,0.0,0.0,0.0,0.0,0.0,NEUTRAL
 because,10,4,6,0,0.00071301247771836,0.0011698186781048938,0.0,0.6146777160424995,-2.2615664609448527,2.876244176987352,0.646564714042672,0.14463979793662865,False,False,0.0,0.0,0.0,0.0,0.0,0.0,0.0,0.0,0.0,0.0,0.0,UP_SAMPLING_ARTIFACT
 been,12,5,4,3,0.00089126559714795,0.0007798791187365958,0.0005576208178438662,-0.13378351696153598,-0.5246008667786465,0.39081734981711047,1.0,0.7683518414530665,False,False,0.0,0.0,0.0,0.0,0.0,0.0,0.0,0.0,0.0,0.0,0.0,NEUTRAL
 being,13,3,4,6,0.0005347593582887701,0.0007798791187365958,0.0011152416356877324,0.4511789837596201,0.8677165560001138,-0.41653757224049365,0.9055439560691109,0.4654453548485197,False,False,0.0,0.0,0.0,0.0,0.0,0.0,0.0,0.0,0.0,0.0,0.0,DOWN_SAMPLING_ARTIFACT
 between,10,3,3,4,0.0005347593582887701,0.0005849093390524469,0.0007434944237918215,0.12925088887225783,0.38228972882987183,-0.253038839957614,1.0,0.955819502998432,False,False,0.0,0.0,0.0,0.0,0.0,0.0,0.0,0.0,0.0,0.0,0.0,NEUTRAL
 bit,11,5,4,2,0.00089126559714795,0.0007798791187365958,0.0003717472118959108,-0.13378351696153598,-0.9396383660574904,0.8058548490959544,1.0,0.48334352733900954,False,False,0.0,0.0,0.0,0.0,0.0,0.0,0.0,0.0,0.0,0.0,0.0,NEUTRAL
 but,76,26,25,25,0.004634581105169341,0.004874244492103724,0.004646840148698885,0.07480310484988152,0.005913849920133121,0.0688892549297484,0.9681380591472616,1.0,False,False,0.0,0.0,0.0,0.0,0.0,0.0,0.0,0.0,0.0,0.0,0.0,NEUTRAL
 button,13,10,0,3,0.0017825311942959,0.0,0.0005576208178438662,-3.3301807297650394,-1.3990699846947876,-1.9311107450702518,0.006761061590623403,0.1118501683426439,False,False,0.0,0.0,0.0,0.0,0.0,0.0,0.0,0.0,0.0,0.0,0.0,NEUTRAL
 by,51,16,17,18,0.00285204991087344,0.003314486254630532,0.003345724907063197,0.2117130490642308,0.22082630613575566,-0.009113257071524855,0.79644226867347,0.7687205124345753,False,False,0.0,0.0,0.0,0.0,0.0,0.0,0.0,0.0,0.0,0.0,0.0,NEUTRAL
 can,45,19,11,15,0.0033868092691622105,0.0021446675765256387,0.0027881040892193307,-0.6077147052939482,-0.26156646094485264,-0.3461482443490956,0.30058549906632426,0.694201662282681,False,False,0.0,0.0,0.0,0.0,0.0,0.0,0.0,0.0,0.0,0.0,0.0,NEUTRAL
 cases,11,4,5,2,0.00071301247771836,0.0009748488984207448,0.0003717472118959108,0.3922852947060518,-0.6766039602236964,1.0688892549297482,0.8929586332650301,0.7209714329833652,False,False,0.0,0.0,0.0,0.0,0.0,0.0,0.0,0.0,0.0,0.0,0.0,NEUTRAL
 check,29,10,9,10,0.0017825311942959,0.0017547280171573405,0.0018587360594795538,-0.008252634877677141,0.060361633942509874,-0.06861426882018701,1.0,1.0,False,False,0.0,0.0,0.0,0.0,0.0,0.0,0.0,0.0,0.0,0.0,0.0,NEUTRAL
 cheese,15,7,4,4,0.0012477718360071302,0.0007798791187365958,0.0007434944237918215,-0.5488210162403798,-0.6177102711701281,0.06888925492974829,0.648993608629883,0.5933441749736565,False,False,0.0,0.0,0.0,0.0,0.0,0.0,0.0,0.0,0.0,0.0,0.0,NEUTRAL
 complex,10,3,3,4,0.0005347593582887701,0.0005849093390524469,0.0007434944237918215,0.12925088887225783,0.38228972882987183,-0.253038839957614,1.0,0.955819502998432,False,False,0.0,0.0,0.0,0.0,0.0,0.0,0.0,0.0,0.0,0.0,0.0,NEUTRAL
 consider,10,3,4,3,0.0005347593582887701,0.0007798791187365958,0.0005576208178438662,0.4511789837596201,0.06036163394250956,0.3908173498171106,0.9055439560691109,1.0,False,False,0.0,0.0,0.0,0.0,0.0,0.0,0.0,0.0,0.0,0.0,0.0,NEUTRAL
 context,36,16,9,11,0.00285204991087344,0.0017547280171573405,0.0020446096654275093,-0.6362838574907193,-0.44213870658667365,-0.1941451509040456,0.32799041392086226,0.5079627621955645,False,False,0.0,0.0,0.0,0.0,0.0,0.0,0.0,0.0,0.0,0.0,0.0,NEUTRAL
 correct,10,3,3,4,0.0005347593582887701,0.0005849093390524469,0.0007434944237918215,0.12925088887225783,0.38228972882987183,-0.253038839957614,1.0,0.955819502998432,False,False,0.0,0.0,0.0,0.0,0.0,0.0,0.0,0.0,0.0,0.0,0.0,NEUTRAL
 could,21,11,5,5,0.00196078431372549,0.0009748488984207448,0.0009293680297397769,-0.8707491111277421,-0.9396383660574904,0.06888925492974829,0.2833989660791485,0.24305164741387694,False,False,0.0,0.0,0.0,0.0,0.0,0.0,0.0,0.0,0.0,0.0,0.0,NEUTRAL
 country,15,4,5,6,0.00071301247771836,0.0009748488984207448,0.0011152416356877324,0.3922852947060518,0.5457884611127514,-0.1535031664066996,0.8929586332650301,0.701967285818226,False,False,0.0,0.0,0.0,0.0,0.0,0.0,0.0,0.0,0.0,0.0,0.0,DOWN_SAMPLING_ARTIFACT
 current,17,5,6,6,0.00089126559714795,0.0011698186781048938,0.0011152416356877324,0.3516433102087059,0.2827540552789577,0.06888925492974818,0.8817294959721979,0.9446229250631505,False,False,0.0,0.0,0.0,0.0,0.0,0.0,0.0,0.0,0.0,0.0,0.0,NEUTRAL
 detail,10,3,4,3,0.0005347593582887701,0.0007798791187365958,0.0005576208178438662,0.4511789837596201,0.06036163394250956,0.3908173498171106,0.9055439560691109,1.0,False,False,0.0,0.0,0.0,0.0,0.0,0.0,0.0,0.0,0.0,0.0,0.0,NEUTRAL
 different,25,10,10,5,0.0017825311942959,0.0019496977968414895,0.0009293680297397769,0.12925088887225783,-0.8141074839736314,0.9433583728458892,1.0,0.34079271707611297,False,False,0.0,0.0,0.0,0.0,0.0,0.0,0.0,0.0,0.0,0.0,0.0,NEUTRAL
 don,15,6,5,4,0.0010695187165775401,0.0009748488984207448,0.0007434944237918215,-0.09314153246419003,-0.4250651932277321,0.33192366076354207,1.0,0.8024203965546302,False,False,0.0,0.0,0.0,0.0,0.0,0.0,0.0,0.0,0.0,0.0,0.0,NEUTRAL
 drink,38,13,11,14,0.0023172905525846704,0.0021446675765256387,0.0026022304832713753,-0.09314153246419003,0.15989730749342404,-0.25303883995761406,1.0,0.9132791388469378,False,False,0.0,0.0,0.0,0.0,0.0,0.0,0.0,0.0,0.0,0.0,0.0,NEUTRAL
 each,23,8,8,7,0.00142602495543672,0.0015597582374731916,0.0013011152416356876,0.12925088887225755,-0.10956336749980282,0.23881425637206039,1.0,1.0,False,False,0.0,0.0,0.0,0.0,0.0,0.0,0.0,0.0,0.0,0.0,0.0,NEUTRAL
 enter,20,8,6,6,0.00142602495543672,0.0011698186781048938,0.0011152416356877324,-0.23331919051245048,-0.3022084454421987,0.06888925492974823,0.9204732813047523,0.8500008912473355,False,False,0.0,0.0,0.0,0.0,0.0,0.0,0.0,0.0,0.0,0.0,0.0,NEUTRAL
 example,18,2,9,7,0.00035650623885918,0.0017547280171573405,0.0013011152416356876,1.866216483038464,1.4753991332213536,0.39081734981711036,0.04992678545580071,0.16241487662781462,False,False,0.0,0.0,0.0,0.0,0.0,0.0,0.0,0.0,0.0,0.0,0.0,UP_SAMPLING_ARTIFACT|DOWN_SAMPLING_ARTIFACT
 explain,11,6,1,4,0.0010695187165775401,0.00019496977968414895,0.0007434944237918215,-1.6781040331853463,-0.4250651932277321,-1.2530388399576142,0.16295276949469592,0.8024203965546302,False,False,0.0,0.0,0.0,0.0,0.0,0.0,0.0,0.0,0.0,0.0,0.0,NEUTRAL
 factors,10,4,1,5,0.00071301247771836,0.00019496977968414895,0.0009293680297397769,-1.1926772060151045,0.32339603977630355,-1.5160732457914081,0.42646417443286533,0.9499067877020392,False,False,0.0,0.0,0.0,0.0,0.0,0.0,0.0,0.0,0.0,0.0,0.0,NEUTRAL
 figure,15,4,5,6,0.00071301247771836,0.0009748488984207448,0.0011152416356877324,0.3922852947060518,0.5457884611127514,-0.1535031664066996,0.8929586332650301,0.701967285818226,False,False,0.0,0.0,0.0,0.0,0.0,0.0,0.0,0.0,0.0,0.0,0.0,DOWN_SAMPLING_ARTIFACT
 final,23,7,8,8,0.0012477718360071302,0.0015597582374731916,0.001486988847583643,0.29917589031457004,0.23028663538482202,0.06888925492974801,0.8620488487435953,0.9353406465366801,False,False,0.0,0.0,0.0,0.0,0.0,0.0,0.0,0.0,0.0,0.0,0.0,NEUTRAL
 first,26,11,9,6,0.00196078431372549,0.0017547280171573405,0.0011152416356877324,-0.13378351696153598,-0.7172459447210423,0.5834624277595063,0.9813751529810723,0.3763012840359824,False,False,0.0,0.0,0.0,0.0,0.0,0.0,0.0,0.0,0.0,0.0,0.0,NEUTRAL
 for,106,31,30,45,0.00552584670231729,0.005849093390524468,0.008364312267657992,0.08344719925913295,0.5839235899995225,-0.5004763907403896,0.9250223324632901,0.09298953640964056,False,False,0.0,0.0,0.0,0.0,0.0,0.0,0.0,0.0,0.0,0.0,0.0,DOWN_SAMPLING_ARTIFACT
 format,13,4,6,3,0.00071301247771836,0.0011698186781048938,0.0005576208178438662,0.6146777160424995,-0.26156646094485264,0.8762441769873521,0.646564714042672,1.0,False,False,0.0,0.0,0.0,0.0,0.0,0.0,0.0,0.0,0.0,0.0,0.0,UP_SAMPLING_ARTIFACT
 from,20,6,8,6,0.0010695187165775401,0.0015597582374731916,0.0011152416356877324,0.49182096825696603,0.06036163394250956,0.4314593343144565,0.6631480174491033,1.0,False,False,0.0,0.0,0.0,0.0,0.0,0.0,0.0,0.0,0.0,0.0,0.0,NEUTRAL
 has,28,6,16,6,0.0010695187165775401,0.003119516474946383,0.0011152416356877324,1.409358808064993,0.06036163394250956,1.3489971741224835,0.03290708635870936,1.0,False,False,0.0,0.0,0.0,0.0,0.0,0.0,0.0,0.0,0.0,0.0,0.0,UP_SAMPLING_ARTIFACT
 have,36,15,9,12,0.00267379679144385,0.0017547280171573405,0.0022304832713754648,-0.5488210162403798,-0.2391986479163983,-0.3096223683239815,0.4220337529278517,0.7821218849807763,False,False,0.0,0.0,0.0,0.0,0.0,0.0,0.0,0.0,0.0,0.0,0.0,NEUTRAL
 historical,13,3,4,6,0.0005347593582887701,0.0007798791187365958,0.0011152416356877324,0.4511789837596201,0.8677165560001138,-0.41653757224049365,0.9055439560691109,0.4654453548485197,False,False,0.0,0.0,0.0,0.0,0.0,0.0,0.0,0.0,0.0,0.0,0.0,DOWN_SAMPLING_ARTIFACT
 history,13,5,2,6,0.00089126559714795,0.0003899395593682979,0.0011152416356877324,-0.8707491111277421,0.2827540552789577,-1.1535031664066997,0.5232952667405302,0.9446229250631505,False,False,0.0,0.0,0.0,0.0,0.0,0.0,0.0,0.0,0.0,0.0,0.0,NEUTRAL
 how,19,6,8,5,0.0010695187165775401,0.0015597582374731916,0.0009293680297397769,0.49182096825696603,-0.16203078739393834,0.6538517556509044,0.6631480174491033,1.0,False,False,0.0,0.0,0.0,0.0,0.0,0.0,0.0,0.0,0.0,0.0,0.0,NEUTRAL
 hypothetical,13,4,5,4,0.00071301247771836,0.0009748488984207448,0.0007434944237918215,0.3922852947060518,0.06036163394250956,0.33192366076354224,0.8929586332650301,1.0,False,False,0.0,0.0,0.0,0.0,0.0,0.0,0.0,0.0,0.0,0.0,0.0,NEUTRAL
 if,55,17,17,21,0.0030303030303030303,0.003314486254630532,0.003903345724907063,0.12925088887225755,0.3498682511374945,-0.22061736226523693,0.9283648025802484,0.5373164412382524,False,False,0.0,0.0,0.0,0.0,0.0,0.0,0.0,0.0,0.0,0.0,0.0,NEUTRAL
 important,16,6,4,6,0.0010695187165775401,0.0007798791187365958,0.0011152416356877324,-0.356175938297984,0.06036163394250956,-0.41653757224049354,0.8612005562793602,1.0,False,False,0.0,0.0,0.0,0.0,0.0,0.0,0.0,0.0,0.0,0.0,0.0,NEUTRAL
 in,157,51,58,48,0.00909090909090909,0.01130824722168064,0.008921933085501859,0.3114542200930068,-0.025368240083374488,0.3368224601763813,0.29431618418217,1.0,False,False,-13.21875,7.567405433832655,8.0,-11.53125,8.450155852324349,8.0,1.0,10.875,17.75,-9.875,-16.75,NEUTRAL
 include,16,7,4,5,0.0012477718360071302,0.0007798791187365958,0.0009293680297397769,-0.5488210162403798,-0.35467586533633416,-0.19414515090404566,0.648993608629883,0.8287199922414082,False,False,0.0,0.0,0.0,0.0,0.0,0.0,0.0,0.0,0.0,0.0,0.0,NEUTRAL
 influence,10,3,5,2,0.0005347593582887701,0.0009748488984207448,0.0003717472118959108,0.714213389593414,-0.35467586533633416,1.0688892549297482,0.6305873679025511,1.0,False,False,0.0,0.0,0.0,0.0,0.0,0.0,0.0,0.0,0.0,0.0,0.0,UP_SAMPLING_ARTIFACT
 information,31,9,8,14,0.0016042780748663102,0.0015597582374731916,0.0026022304832713753,-0.02275220457279221,0.6453241346636659,-0.6680763392364581,1.0,0.3494742212677704,False,False,0.0,0.0,0.0,0.0,0.0,0.0,0.0,0.0,0.0,0.0,0.0,DOWN_SAMPLING_ARTIFACT
 ingredients,14,5,6,3,0.00089126559714795,0.0011698186781048938,0.0005576208178438662,0.3516433102087059,-0.5246008667786465,0.8762441769873524,0.8817294959721979,0.7683518414530665,False,False,0.0,0.0,0.0,0.0,0.0,0.0,0.0,0.0,0.0,0.0,0.0,NEUTRAL
 into,19,8,5,6,0.00142602495543672,0.0009748488984207448,0.0011152416356877324,-0.45571161184889836,-0.3022084454421987,-0.15350316640669964,0.6936984664393382,0.8500008912473355,False,False,0.0,0.0,0.0,0.0,0.0,0.0,0.0,0.0,0.0,0.0,0.0,NEUTRAL
 is,281,102,92,87,0.01818181818181818,0.017937219730941704,0.01617100371747212,-0.018090827202929052,-0.16670727460341137,0.1486164474004823,0.982020007956607,0.46102364233179294,False,False,0.0,0.0,0.0,0.0,0.0,0.0,0.0,0.0,0.0,0.0,0.0,NEUTRAL
 it,106,43,24,39,0.007664884135472371,0.004679274712419575,0.00724907063197026,-0.6863245399903148,-0.0771418898074253,-0.6091826501828895,0.06576565428931022,0.8868070923550437,False,False,0.0,0.0,0.0,0.0,0.0,0.0,0.0,0.0,0.0,0.0,0.0,NEUTRAL
 its,17,6,2,9,0.0010695187165775401,0.0003899395593682979,0.0016728624535315986,-1.09314153246419,0.5749348067722678,-1.6680763392364577,0.3496535237435682,0.5498458459562134,False,False,0.0,0.0,0.0,0.0,0.0,0.0,0.0,0.0,0.0,0.0,0.0,DOWN_SAMPLING_ARTIFACT
 justice,15,6,5,4,0.0010695187165775401,0.0009748488984207448,0.0007434944237918215,-0.09314153246419003,-0.4250651932277321,0.33192366076354207,1.0,0.8024203965546302,False,False,0.0,0.0,0.0,0.0,0.0,0.0,0.0,0.0,0.0,0.0,0.0,NEUTRAL
 key,22,7,4,11,0.0012477718360071302,0.0007798791187365958,0.0020446096654275093,-0.5488210162403798,0.6453241346636659,-1.1941451509040457,0.648993608629883,0.42561114543476464,False,False,0.0,0.0,0.0,0.0,0.0,0.0,0.0,0.0,0.0,0.0,0.0,DOWN_SAMPLING_ARTIFACT
 know,19,5,5,9,0.00089126559714795,0.0009748488984207448,0.0016728624535315986,0.12925088887225783,0.7973272281087158,-0.6680763392364579,1.0,0.37840248302833257,False,False,0.0,0.0,0.0,0.0,0.0,0.0,0.0,0.0,0.0,0.0,0.0,DOWN_SAMPLING_ARTIFACT
 las,17,5,5,7,0.00089126559714795,0.0009748488984207448,0.0013011152416356876,0.12925088887225783,0.4753991332213535,-0.3461482443490957,1.0,0.7177639999622883,False,False,0.0,0.0,0.0,0.0,0.0,0.0,0.0,0.0,0.0,0.0,0.0,NEUTRAL
 laws,10,3,2,5,0.0005347593582887701,0.0003899395593682979,0.0009293680297397769,-0.2857866104065861,0.6453241346636659,-0.931110745070252,1.0,0.6796155502058661,False,False,0.0,0.0,0.0,0.0,0.0,0.0,0.0,0.0,0.0,0.0,0.0,DOWN_SAMPLING_ARTIFACT
 layer,14,2,5,7,0.00035650623885918,0.0009748488984207448,0.0013011152416356876,1.1292508888722579,1.4753991332213536,-0.34614824434909575,0.3812496727148166,0.16241487662781462,False,False,0.0,0.0,0.0,0.0,0.0,0.0,0.0,0.0,0.0,0.0,0.0,UP_SAMPLING_ARTIFACT|DOWN_SAMPLING_ARTIFACT
 layers,12,6,5,1,0.0010695187165775401,0.0009748488984207448,0.0001858736059479554,-0.09314153246419003,-1.7469932881150945,1.6538517556509045,1.0,0.14504171592168627,False,False,0.0,0.0,0.0,0.0,0.0,0.0,0.0,0.0,0.0,0.0,0.0,NEUTRAL
 legal,26,8,10,8,0.00142602495543672,0.0019496977968414895,0.001486988847583643,0.41875750606724266,0.06036163394250956,0.3583958721247331,0.6697322616558097,1.0,False,False,0.0,0.0,0.0,0.0,0.0,0.0,0.0,0.0,0.0,0.0,0.0,NEUTRAL
 legislative,16,6,5,5,0.0010695187165775401,0.0009748488984207448,0.0009293680297397769,-0.09314153246419003,-0.16203078739393834,0.0688892549297483,1.0,1.0,False,False,0.0,0.0,0.0,0.0,0.0,0.0,0.0,0.0,0.0,0.0,0.0,NEUTRAL
 like,75,25,30,20,0.004456327985739751,0.005849093390524468,0.0037174721189591076,0.38300748111804067,-0.24776066141982228,0.630768142537863,0.3817645248879049,0.6477206175609023,False,False,0.0,0.0,0.0,0.0,0.0,0.0,0.0,0.0,0.0,0.0,0.0,NEUTRAL
 looking,11,5,2,4,0.00089126559714795,0.0003899395593682979,0.0007434944237918215,-0.8707491111277421,-0.20267277189128421,-0.6680763392364579,0.5232952667405302,1.0,False,False,0.0,0.0,0.0,0.0,0.0,0.0,0.0,0.0,0.0,0.0,0.0,NEUTRAL
 major,11,2,3,6,0.00035650623885918,0.0005849093390524469,0.0011152416356877324,0.5442883881511017,1.2827540552789578,-0.7384656671278561,0.9201240326133742,0.26249775131505826,False,False,0.0,0.0,0.0,0.0,0.0,0.0,0.0,0.0,0.0,0.0,0.0,UP_SAMPLING_ARTIFACT|DOWN_SAMPLING_ARTIFACT
 make,37,17,12,8,0.0030303030303030303,0.0023396373562097877,0.001486988847583643,-0.34023439442896247,-0.9396383660574904,0.599403971628528,0.6151309777896558,0.13429152341935868,False,False,0.0,0.0,0.0,0.0,0.0,0.0,0.0,0.0,0.0,0.0,0.0,NEUTRAL
 making,11,5,1,5,0.00089126559714795,0.00019496977968414895,0.0009293680297397769,-1.4557116118488984,0.06036163394250956,-1.516073245791408,0.26422346007148506,1.0,False,False,0.0,0.0,0.0,0.0,0.0,0.0,0.0,0.0,0.0,0.0,0.0,NEUTRAL
 maybe,95,42,30,23,0.0074866310160427805,0.005849093390524468,0.004275092936802974,-0.34281755544296494,-0.7809406200384321,0.4381230645954672,0.3574069318434804,0.03840728053473898,False,False,0.0,0.0,0.0,0.0,0.0,0.0,0.0,0.0,0.0,0.0,0.0,NEUTRAL
 me,51,18,18,15,0.0032085561497326204,0.003509456034314681,0.0027881040892193307,0.12925088887225783,-0.18756587950107584,0.31681676837333367,0.9184807161369353,0.8193932600133578,False,False,0.0,0.0,0.0,0.0,0.0,0.0,0.0,0.0,0.0,0.0,0.0,NEUTRAL
 meat,16,4,7,5,0.00071301247771836,0.0013647884577890426,0.0009293680297397769,0.8073227939848955,0.32339603977630355,0.48392675420859194,0.45162119690799973,0.9499067877020392,False,False,0.0,0.0,0.0,0.0,0.0,0.0,0.0,0.0,0.0,0.0,0.0,UP_SAMPLING_ARTIFACT
 mention,52,20,18,14,0.0035650623885918,0.003509456034314681,0.0026022304832713753,-0.01513902046291714,-0.42506519322773234,0.4099261727648152,1.0,0.4612660293689389,False,False,0.0,0.0,0.0,0.0,0.0,0.0,0.0,0.0,0.0,0.0,0.0,NEUTRAL
 mentioned,13,5,4,4,0.00089126559714795,0.0007798791187365958,0.0007434944237918215,-0.13378351696153598,-0.20267277189128421,0.06888925492974823,1.0,1.0,False,False,0.0,0.0,0.0,0.0,0.0,0.0,0.0,0.0,0.0,0.0,0.0,NEUTRAL
 might,67,20,22,25,0.0035650623885918,0.004289335153051277,0.004646840148698885,0.2604954221505103,0.3684839293048412,-0.10798850715433089,0.6556729119970681,0.46030213513796003,False,False,0.0,0.0,0.0,0.0,0.0,0.0,0.0,0.0,0.0,0.0,0.0,NEUTRAL
 moon,21,8,8,5,0.00142602495543672,0.0015597582374731916,0.0009293680297397769,0.12925088887225755,-0.5246008667786467,0.6538517556509043,1.0,0.631489411683463,False,False,0.0,0.0,0.0,0.0,0.0,0.0,0.0,0.0,0.0,0.0,0.0,NEUTRAL
 more,44,10,22,12,0.0017825311942959,0.004289335153051277,0.0022304832713754648,1.1933812262919734,0.3013697334463044,0.892011492845669,0.02756603726169769,0.7552360930812431,False,False,0.0,0.0,0.0,0.0,0.0,0.0,0.0,0.0,0.0,0.0,0.0,UP_SAMPLING_ARTIFACT
 name,21,11,6,4,0.00196078431372549,0.0011698186781048938,0.0007434944237918215,-0.6483566897912941,-1.2026727718912842,0.5543160820999901,0.43135172732166893,0.14170701429259314,False,False,0.0,0.0,0.0,0.0,0.0,0.0,0.0,0.0,0.0,0.0,0.0,NEUTRAL
 need,78,28,20,30,0.004991087344028521,0.003899395593682979,0.0055762081784386614,-0.3364126834765542,0.15657694920181267,-0.4929896326783668,0.4824776124254788,0.7706504534548362,False,False,0.0,0.0,0.0,0.0,0.0,0.0,0.0,0.0,0.0,0.0,0.0,NEUTRAL
 no,17,10,4,3,0.0017825311942959,0.0007798791187365958,0.0005576208178438662,-1.0082526348776772,-1.3990699846947876,0.39081734981711036,0.24173760037873598,0.1118501683426439,False,False,0.0,0.0,0.0,0.0,0.0,0.0,0.0,0.0,0.0,0.0,0.0,NEUTRAL
 not,75,28,22,25,0.004991087344028521,0.004289335153051277,0.004646840148698885,-0.20516815019830165,-0.09717964304397059,-0.10798850715433106,0.6952808979016876,0.9023564381921275,False,False,0.0,0.0,0.0,0.0,0.0,0.0,0.0,0.0,0.0,0.0,0.0,NEUTRAL
 of,274,103,79,92,0.018360071301247772,0.015402612595047768,0.017100371747211896,-0.24926073438147212,-0.10091927309055118,-0.14834146129092093,0.26648876796621934,0.6688152597512798,False,False,0.0,0.0,0.0,0.0,0.0,0.0,0.0,0.0,0.0,0.0,0.0,NEUTRAL
 often,10,2,5,3,0.00035650623885918,0.0009748488984207448,0.0005576208178438662,1.1292508888722579,0.4753991332213535,0.6538517556509044,0.3812496727148166,0.9626586065527396,False,False,0.0,0.0,0.0,0.0,0.0,0.0,0.0,0.0,0.0,0.0,0.0,UP_SAMPLING_ARTIFACT
 on,48,20,11,17,0.0035650623885918,0.0021446675765256387,0.0031598513011152417,-0.6781040331853463,-0.16203078739393834,-0.5160732457914079,0.23389926569554126,0.8400093836875691,False,False,0.0,0.0,0.0,0.0,0.0,0.0,0.0,0.0,0.0,0.0,0.0,NEUTRAL
 or,118,47,30,41,0.00837789661319073,0.005849093390524468,0.007620817843866171,-0.5015153014620232,-0.13228344399988612,-0.36923185746213705,0.15073615565397824,0.7352812012889229,False,False,0.0,0.0,0.0,0.0,0.0,0.0,0.0,0.0,0.0,0.0,0.0,NEUTRAL
 original,37,14,14,9,0.0024955436720142605,0.002729576915578085,0.0016728624535315986,0.12925088887225755,-0.5246008667786467,0.6538517556509043,0.9616084158683693,0.462571091579144,False,False,0.0,0.0,0.0,0.0,0.0,0.0,0.0,0.0,0.0,0.0,0.0,NEUTRAL
 other,18,7,5,6,0.0012477718360071302,0.0009748488984207448,0.0011152416356877324,-0.2857866104065861,-0.13228344399988629,-0.1535031664066998,0.8936185903249106,1.0,False,False,0.0,0.0,0.0,0.0,0.0,0.0,0.0,0.0,0.0,0.0,0.0,NEUTRAL
 out,11,4,2,5,0.00071301247771836,0.0003899395593682979,0.0009293680297397769,-0.6077147052939482,0.32339603977630355,-0.9311107450702518,0.7650018327029426,0.9499067877020392,False,False,0.0,0.0,0.0,0.0,0.0,0.0,0.0,0.0,0.0,0.0,0.0,NEUTRAL
 people,21,7,7,7,0.0012477718360071302,0.0013647884577890426,0.0013011152416356876,0.12925088887225783,0.06036163394250956,0.06888925492974826,1.0,1.0,False,False,0.0,0.0,0.0,0.0,0.0,0.0,0.0,0.0,0.0,0.0,0.0,NEUTRAL
 person,11,5,6,0,0.00089126559714795,0.0011698186781048938,0.0,0.3516433102087059,-2.5246008667786466,2.8762441769873526,0.8817294959721979,0.08136229752879659,False,False,0.0,0.0,0.0,0.0,0.0,0.0,0.0,0.0,0.0,0.0,0.0,NEUTRAL
 position,41,15,15,11,0.00267379679144385,0.002924546695262234,0.0020446096654275093,0.12925088887225783,-0.35467586533633416,0.483926754208592,0.9498446979737519,0.6295843934919512,False,False,0.0,0.0,0.0,0.0,0.0,0.0,0.0,0.0,0.0,0.0,0.0,NEUTRAL
 prevent,11,3,5,3,0.0005347593582887701,0.0009748488984207448,0.0005576208178438662,0.714213389593414,0.06036163394250956,0.6538517556509044,0.6305873679025511,1.0,False,False,0.0,0.0,0.0,0.0,0.0,0.0,0.0,0.0,0.0,0.0,0.0,UP_SAMPLING_ARTIFACT
 process,29,9,13,7,0.0016042780748663102,0.0025346071358939366,0.0013011152416356876,0.6146777160424995,-0.26156646094485264,0.8762441769873521,0.3945404796596208,0.867806631362687,False,False,0.0,0.0,0.0,0.0,0.0,0.0,0.0,0.0,0.0,0.0,0.0,UP_SAMPLING_ARTIFACT
 public,19,8,6,5,0.00142602495543672,0.0011698186781048938,0.0009293680297397769,-0.23331919051245048,-0.5246008667786467,0.2912816762661962,0.9204732813047523,0.631489411683463,False,False,0.0,0.0,0.0,0.0,0.0,0.0,0.0,0.0,0.0,0.0,0.0,NEUTRAL
 question,30,12,8,10,0.0021390374331550803,0.0015597582374731916,0.0018587360594795538,-0.40126382782652215,-0.18064646556128516,-0.22061736226523698,0.6373371209337129,0.9083026947019709,False,False,0.0,0.0,0.0,0.0,0.0,0.0,0.0,0.0,0.0,0.0,0.0,NEUTRAL
 real,11,4,5,2,0.00071301247771836,0.0009748488984207448,0.0003717472118959108,0.3922852947060518,-0.6766039602236964,1.0688892549297482,0.8929586332650301,0.7209714329833652,False,False,0.0,0.0,0.0,0.0,0.0,0.0,0.0,0.0,0.0,0.0,0.0,NEUTRAL
 recalling,16,6,5,5,0.0010695187165775401,0.0009748488984207448,0.0009293680297397769,-0.09314153246419003,-0.16203078739393834,0.0688892549297483,1.0,1.0,False,False,0.0,0.0,0.0,0.0,0.0,0.0,0.0,0.0,0.0,0.0,0.0,NEUTRAL
 recent,13,4,4,5,0.00071301247771836,0.0007798791187365958,0.0009293680297397769,0.12925088887225783,0.32339603977630355,-0.19414515090404572,1.0,0.9499067877020392,False,False,0.0,0.0,0.0,0.0,0.0,0.0,0.0,0.0,0.0,0.0,0.0,NEUTRAL
 remember,10,2,1,7,0.00035650623885918,0.00019496977968414895,0.0013011152416356876,-0.45571161184889836,1.4753991332213536,-1.931110745070252,1.0,0.16241487662781462,False,False,0.0,0.0,0.0,0.0,0.0,0.0,0.0,0.0,0.0,0.0,0.0,DOWN_SAMPLING_ARTIFACT
 role,18,3,9,6,0.0005347593582887701,0.0017547280171573405,0.0011152416356877324,1.45117898375962,0.8677165560001138,0.5834624277595063,0.10936950562133346,0.4654453548485197,False,False,0.0,0.0,0.0,0.0,0.0,0.0,0.0,0.0,0.0,0.0,0.0,UP_SAMPLING_ARTIFACT|DOWN_SAMPLING_ARTIFACT
 royal,24,1,16,7,0.00017825311942959,0.003119516474946383,0.0013011152416356876,3.216713730122597,2.0603616339425095,1.1563520961800875,0.0003350057282598753,0.0675456059464925,False,False,0.0,0.0,0.0,0.0,0.0,0.0,0.0,0.0,0.0,0.0,0.0,UP_SAMPLING_ARTIFACT|DOWN_SAMPLING_ARTIFACT
 sauce,35,11,13,11,0.00196078431372549,0.0025346071358939366,0.0020446096654275093,0.3516433102087059,0.06036163394250956,0.29128167626619633,0.6712379767802555,1.0,False,False,0.0,0.0,0.0,0.0,0.0,0.0,0.0,0.0,0.0,0.0,0.0,NEUTRAL
 says,11,3,5,3,0.0005347593582887701,0.0009748488984207448,0.0005576208178438662,0.714213389593414,0.06036163394250956,0.6538517556509044,0.6305873679025511,1.0,False,False,0.0,0.0,0.0,0.0,0.0,0.0,0.0,0.0,0.0,0.0,0.0,UP_SAMPLING_ARTIFACT
 screen,18,13,0,5,0.0023172905525846704,0.0,0.0009293680297397769,-3.6781040331853463,-1.1620307873939384,-2.516073245791408,0.0015149204221038017,0.11811196609060406,False,False,0.0,0.0,0.0,0.0,0.0,0.0,0.0,0.0,0.0,0.0,0.0,NEUTRAL
 should,105,34,28,43,0.006060606060606061,0.00545915383115617,0.007992565055762083,-0.14205113294513672,0.39051023563484055,-0.5325613685799773,0.7768498049807531,0.27158216443310174,False,False,0.0,0.0,0.0,0.0,0.0,0.0,0.0,0.0,0.0,0.0,0.0,NEUTRAL
 simple,13,2,6,5,0.00035650623885918,0.0011698186781048938,0.0009293680297397769,1.351643310208706,1.0603616339425095,0.2912816762661965,0.23444706143526084,0.41694323550272594,False,False,0.0,0.0,0.0,0.0,0.0,0.0,0.0,0.0,0.0,0.0,0.0,UP_SAMPLING_ARTIFACT|DOWN_SAMPLING_ARTIFACT
 so,44,20,9,15,0.0035650623885918,0.0017547280171573405,0.0027881040892193307,-0.9411384390191402,-0.33195578883625076,-0.6091826501828894,0.10532614928304562,0.5800485773428459,False,False,0.0,0.0,0.0,0.0,0.0,0.0,0.0,0.0,0.0,0.0,0.0,NEUTRAL
 social,15,6,5,4,0.0010695187165775401,0.0009748488984207448,0.0007434944237918215,-0.09314153246419003,-0.4250651932277321,0.33192366076354207,1.0,0.8024203965546302,False,False,0.0,0.0,0.0,0.0,0.0,0.0,0.0,0.0,0.0,0.0,0.0,NEUTRAL
 society,14,4,5,5,0.00071301247771836,0.0009748488984207448,0.0009293680297397769,0.3922852947060518,0.32339603977630355,0.06888925492974823,0.8929586332650301,0.9499067877020392,False,False,0.0,0.0,0.0,0.0,0.0,0.0,0.0,0.0,0.0,0.0,0.0,NEUTRAL
 some,27,7,11,9,0.0012477718360071302,0.0021446675765256387,0.0016728624535315986,0.714213389593414,0.38228972882987183,0.3319236607635421,0.3687647715894723,0.738357818598647,False,False,0.0,0.0,0.0,0.0,0.0,0.0,0.0,0.0,0.0,0.0,0.0,UP_SAMPLING_ARTIFACT
 something,16,5,6,5,0.00089126559714795,0.0011698186781048938,0.0009293680297397769,0.3516433102087059,0.06036163394250956,0.29128167626619633,0.8817294959721979,1.0,False,False,0.0,0.0,0.0,0.0,0.0,0.0,0.0,0.0,0.0,0.0,0.0,NEUTRAL
 specific,18,3,8,7,0.0005347593582887701,0.0015597582374731916,0.0013011152416356876,1.29917589031457,1.0603616339425095,0.23881425637206055,0.17489153769155272,0.3098445481656227,False,False,0.0,0.0,0.0,0.0,0.0,0.0,0.0,0.0,0.0,0.0,0.0,UP_SAMPLING_ARTIFACT|DOWN_SAMPLING_ARTIFACT
 stage,44,17,15,12,0.0030303030303030303,0.002924546695262234,0.0022304832713754648,-0.040674112570054634,-0.4091236493587108,0.36844953678865616,1.0,0.5280070660104245,False,False,0.0,0.0,0.0,0.0,0.0,0.0,0.0,0.0,0.0,0.0,0.0,NEUTRAL
 start,43,17,15,11,0.0030303030303030303,0.002924546695262234,0.0020446096654275093,-0.040674112570054634,-0.5246008667786467,0.48392675420859205,1.0,0.40348260016763915,False,False,0.0,0.0,0.0,0.0,0.0,0.0,0.0,0.0,0.0,0.0,0.0,NEUTRAL
 state,11,3,3,5,0.0005347593582887701,0.0005849093390524469,0.0009293680297397769,0.12925088887225783,0.6453241346636659,-0.5160732457914081,1.0,0.6796155502058661,False,False,0.0,0.0,0.0,0.0,0.0,0.0,0.0,0.0,0.0,0.0,0.0,DOWN_SAMPLING_ARTIFACT
 states,14,4,2,8,0.00071301247771836,0.0003899395593682979,0.001486988847583643,-0.6077147052939482,0.9083585404974598,-1.5160732457914081,0.7650018327029426,0.3476070010164858,False,False,0.0,0.0,0.0,0.0,0.0,0.0,0.0,0.0,0.0,0.0,0.0,DOWN_SAMPLING_ARTIFACT
 strong,10,1,7,2,0.00017825311942959,0.0013647884577890426,0.0003717472118959108,2.129250888872258,0.6453241346636659,1.4839267542085919,0.057819738616548544,0.9710738870352069,False,False,0.0,0.0,0.0,0.0,0.0,0.0,0.0,0.0,0.0,0.0,0.0,UP_SAMPLING_ARTIFACT|DOWN_SAMPLING_ARTIFACT
 structure,16,3,8,5,0.0005347593582887701,0.0015597582374731916,0.0009293680297397769,1.29917589031457,0.6453241346636659,0.6538517556509041,0.17489153769155272,0.6796155502058661,False,False,0.0,0.0,0.0,0.0,0.0,0.0,0.0,0.0,0.0,0.0,0.0,UP_SAMPLING_ARTIFACT|DOWN_SAMPLING_ARTIFACT
 sure,33,12,12,9,0.0021390374331550803,0.0023396373562097877,0.0016728624535315986,0.12925088887225783,-0.31814998931122035,0.4474008781834782,0.9877659187594323,0.7331550844134831,False,False,0.0,0.0,0.0,0.0,0.0,0.0,0.0,0.0,0.0,0.0,0.0,NEUTRAL
 system,28,10,10,8,0.0017825311942959,0.0019496977968414895,0.001486988847583643,0.12925088887225783,-0.22914498325247523,0.35839587212473306,1.0,0.8830811499244386,False,False,0.0,0.0,0.0,0.0,0.0,0.0,0.0,0.0,0.0,0.0,0.0,NEUTRAL
 that,247,78,87,82,0.013903743315508022,0.01696237083252096,0.015241635687732341,0.28490175933245226,0.1316203171123314,0.15328144222012086,0.2267926480241511,0.613069040911572,False,False,0.0,0.0,0.0,0.0,0.0,0.0,0.0,0.0,0.0,0.0,0.0,NEUTRAL
 the,976,350,337,289,0.062388591800356503,0.0657048157535582,0.05371747211895911,0.07480310484988152,-0.21505649634711643,0.28985960119699794,0.5079637272108556,0.05729792522830914,False,False,-5.039930555555555,6.840549280527506,36.0,-5.220486111111111,7.821551700714152,36.0,1.0,7.611111111111111,9.194444444444445,-6.611111111111111,-8.194444444444445,NEUTRAL
 their,34,10,12,12,0.0017825311942959,0.0023396373562097877,0.0022304832713754648,0.3702589883760526,0.3013697334463044,0.06888925492974818,0.6714604906165851,0.7552360930812431,False,False,0.0,0.0,0.0,0.0,0.0,0.0,0.0,0.0,0.0,0.0,0.0,NEUTRAL
 then,43,17,15,11,0.0030303030303030303,0.002924546695262234,0.0020446096654275093,-0.040674112570054634,-0.5246008667786467,0.48392675420859205,1.0,0.40348260016763915,False,False,0.0,0.0,0.0,0.0,0.0,0.0,0.0,0.0,0.0,0.0,0.0,NEUTRAL
 there,41,12,16,13,0.0021390374331550803,0.003119516474946383,0.0024163568773234202,0.516274011981505,0.16727683785902145,0.34899717412248354,0.42035123773617966,0.9165481958585099,False,False,0.0,0.0,0.0,0.0,0.0,0.0,0.0,0.0,0.0,0.0,0.0,UP_SAMPLING_ARTIFACT
 these,14,5,4,5,0.00089126559714795,0.0007798791187365958,0.0009293680297397769,-0.13378351696153598,0.06036163394250956,-0.19414515090404555,1.0,1.0,False,False,0.0,0.0,0.0,0.0,0.0,0.0,0.0,0.0,0.0,0.0,0.0,NEUTRAL
 they,43,17,11,15,0.0030303030303030303,0.0021446675765256387,0.0027881040892193307,-0.45571161184889836,-0.10956336749980282,-0.3461482443490955,0.4779885444471872,0.9533604035645626,False,False,0.0,0.0,0.0,0.0,0.0,0.0,0.0,0.0,0.0,0.0,0.0,NEUTRAL
 think,29,12,6,11,0.0021390374331550803,0.0011698186781048938,0.0020446096654275093,-0.7638339072112303,-0.055115583477426504,-0.7087183237338038,0.3220242537758645,1.0,False,False,0.0,0.0,0.0,0.0,0.0,0.0,0.0,0.0,0.0,0.0,0.0,NEUTRAL
 this,15,5,4,6,0.00089126559714795,0.0007798791187365958,0.0011152416356877324,-0.13378351696153598,0.2827540552789577,-0.4165375722404937,1.0,0.9446229250631505,False,False,0.0,0.0,0.0,0.0,0.0,0.0,0.0,0.0,0.0,0.0,0.0,NEUTRAL
 through,15,8,1,6,0.00142602495543672,0.00019496977968414895,0.0011152416356877324,-2.0406741125700547,-0.3022084454421987,-1.738465667127856,0.06172205414221448,0.8500008912473355,False,False,0.0,0.0,0.0,0.0,0.0,0.0,0.0,0.0,0.0,0.0,0.0,NEUTRAL
 time,23,7,7,9,0.0012477718360071302,0.0013647884577890426,0.0016728624535315986,0.12925088887225783,0.38228972882987183,-0.253038839957614,1.0,0.738357818598647,False,False,0.0,0.0,0.0,0.0,0.0,0.0,0.0,0.0,0.0,0.0,0.0,NEUTRAL
 to,304,126,81,97,0.022459893048128343,0.015792552154416065,0.018029739776951673,-0.5018817932818246,-0.3136132087144481,-0.1882685845673765,0.014693391846663179,0.11435007074516622,False,False,-13.161458333333334,8.3124554994252,12.0,-13.135416666666666,9.74259747153829,12.0,1.0,11.583333333333334,15.333333333333334,-10.583333333333334,-14.333333333333334,NEUTRAL
 too,15,4,5,6,0.00071301247771836,0.0009748488984207448,0.0011152416356877324,0.3922852947060518,0.5457884611127514,-0.1535031664066996,0.8929586332650301,0.701967285818226,False,False,0.0,0.0,0.0,0.0,0.0,0.0,0.0,0.0,0.0,0.0,0.0,DOWN_SAMPLING_ARTIFACT
 touching,12,9,0,3,0.0016042780748663102,0.0,0.0005576208178438662,-3.1926772060151043,-1.2615664609448527,-1.9311107450702516,0.01121576771774187,0.17008583034389718,False,False,0.0,0.0,0.0,0.0,0.0,0.0,0.0,0.0,0.0,0.0,0.0,NEUTRAL
 up,16,3,9,4,0.0005347593582887701,0.0017547280171573405,0.0007434944237918215,1.45117898375962,0.38228972882987183,1.0688892549297482,0.10936950562133346,0.955819502998432,False,False,0.0,0.0,0.0,0.0,0.0,0.0,0.0,0.0,0.0,0.0,0.0,UP_SAMPLING_ARTIFACT
 use,22,15,4,3,0.00267379679144385,0.0007798791187365958,0.0005576208178438662,-1.54882101624038,-1.9396383660574905,0.3908173498171106,0.03547522710230037,0.01219204966952856,False,False,0.0,0.0,0.0,0.0,0.0,0.0,0.0,0.0,0.0,0.0,0.0,NEUTRAL
 user,126,51,37,38,0.00909090909090909,0.0072138818483135116,0.007063197026022305,-0.3232613158252491,-0.3546758653363344,0.0314145495110853,0.33175148339888605,0.2805092711506691,False,False,-4.071428571428571,3.255489868777706,7.0,-1.3214285714285714,7.323925242134913,7.0,1.0,1.0,1.8571428571428572,0.0,-0.8571428571428572,NEUTRAL
 using,24,7,4,13,0.0012477718360071302,0.0007798791187365958,0.0024163568773234202,-0.5488210162403798,0.8677165560001138,-1.4165375722404936,0.648993608629883,0.2251309573328107,False,False,0.0,0.0,0.0,0.0,0.0,0.0,0.0,0.0,0.0,0.0,0.0,DOWN_SAMPLING_ARTIFACT
 wants,24,9,7,8,0.0016042780748663102,0.0013647884577890426,0.001486988847583643,-0.19267720601510446,-0.09164145950254018,-0.10103574651256428,0.9434264244687206,1.0,False,False,0.0,0.0,0.0,0.0,0.0,0.0,0.0,0.0,0.0,0.0,0.0,NEUTRAL
 was,16,7,4,5,0.0012477718360071302,0.0007798791187365958,0.0009293680297397769,-0.5488210162403798,-0.35467586533633416,-0.19414515090404566,0.648993608629883,0.8287199922414082,False,False,0.0,0.0,0.0,0.0,0.0,0.0,0.0,0.0,0.0,0.0,0.0,NEUTRAL
 way,12,4,7,1,0.00071301247771836,0.0013647884577890426,0.0001858736059479554,0.8073227939848955,-1.2615664609448527,2.068889254929748,0.45162119690799973,0.3964328957225416,False,False,0.0,0.0,0.0,0.0,0.0,0.0,0.0,0.0,0.0,0.0,0.0,UP_SAMPLING_ARTIFACT
 we,18,6,6,6,0.0010695187165775401,0.0011698186781048938,0.0011152416356877324,0.12925088887225783,0.06036163394250956,0.06888925492974826,1.0,1.0,False,False,0.0,0.0,0.0,0.0,0.0,0.0,0.0,0.0,0.0,0.0,0.0,NEUTRAL
 what,24,9,6,9,0.0016042780748663102,0.0011698186781048938,0.0016728624535315986,-0.38532228395750046,0.06036163394250956,-0.44568391790001,0.7312138606756002,1.0,False,False,0.0,0.0,0.0,0.0,0.0,0.0,0.0,0.0,0.0,0.0,0.0,NEUTRAL
 where,24,3,13,8,0.0005347593582887701,0.0025346071358939366,0.001486988847583643,1.9366058109298618,1.230286635384822,0.7063191755450398,0.014957195911549344,0.20182319289280112,False,False,0.0,0.0,0.0,0.0,0.0,0.0,0.0,0.0,0.0,0.0,0.0,UP_SAMPLING_ARTIFACT|DOWN_SAMPLING_ARTIFACT
 which,25,10,9,6,0.0017825311942959,0.0017547280171573405,0.0011152416356877324,-0.008252634877677141,-0.5917150626371835,0.5834624277595064,1.0,0.5048237814839176,False,False,0.0,0.0,0.0,0.0,0.0,0.0,0.0,0.0,0.0,0.0,0.0,NEUTRAL
 who,11,6,4,1,0.0010695187165775401,0.0007798791187365958,0.0001858736059479554,-0.356175938297984,-1.7469932881150945,1.3908173498171106,0.8612005562793602,0.14504171592168627,False,False,0.0,0.0,0.0,0.0,0.0,0.0,0.0,0.0,0.0,0.0,0.0,NEUTRAL
 with,103,35,34,34,0.006238859180035651,0.006628972509261064,0.006319702602230483,0.0886089043749116,0.019719649445163454,0.06888925492974815,0.895112245490367,1.0,False,False,0.0,0.0,0.0,0.0,0.0,0.0,0.0,0.0,0.0,0.0,0.0,NEUTRAL
 without,23,9,4,10,0.0016042780748663102,0.0007798791187365958,0.0018587360594795538,-0.8707491111277421,0.19786515769244456,-1.0686142688201867,0.3423995285522871,0.9272363370920554,False,False,0.0,0.0,0.0,0.0,0.0,0.0,0.0,0.0,0.0,0.0,0.0,NEUTRAL
 would,25,9,11,5,0.0016042780748663102,0.0021446675765256387,0.0009293680297397769,0.3922852947060518,-0.6766039602236964,1.0688892549297482,0.6710295780817799,0.46900573900267517,False,False,0.0,0.0,0.0,0.0,0.0,0.0,0.0,0.0,0.0,0.0,0.0,NEUTRAL
 you,24,15,3,6,0.00267379679144385,0.0005849093390524469,0.0011152416356877324,-1.8707491111277421,-1.1322834439998863,-0.7384656671278558,0.016078497886897893,0.09857966152526564,False,False,0.0,0.0,0.0,0.0,0.0,0.0,0.0,0.0,0.0,0.0,0.0,NEUTRAL
"""",38,13,17,8,0.0023172905525846704,0.003314486254630532,0.001486988847583643,0.49182096825696603,-0.577068286672782,1.068889254929748,0.42663943226554224,0.4366393809010851,False,False,0.0,0.0,0.0,0.0,0.0,0.0,0.0,0.0,0.0,0.0,0.0,NEUTRAL
'm,10,3,2,5,0.0005347593582887701,0.0003899395593682979,0.0009293680297397769,-0.2857866104065861,0.6453241346636659,-0.931110745070252,1.0,0.6796155502058661,False,False,0.0,0.0,0.0,0.0,0.0,0.0,0.0,0.0,0.0,0.0,0.0,DOWN_SAMPLING_ARTIFACT
's,238,82,82,74,0.01461675579322638,0.015987521934100215,0.0137546468401487,0.12925088887225783,-0.08585910690853414,0.21510999578079198,0.6171917778902577,0.7632102861004723,False,False,0.0,0.0,0.0,0.0,0.0,0.0,0.0,0.0,0.0,0.0,0.0,NEUTRAL
't,49,21,12,16,0.0037433155080213902,0.0023396373562097877,0.002973977695167286,-0.6297410116239474,-0.31160714344444823,-0.3181338681794991,0.25503160517627893,0.5952064131669217,False,False,0.0,0.0,0.0,0.0,0.0,0.0,0.0,0.0,0.0,0.0,0.0,NEUTRAL
),12,6,2,4,0.0010695187165775401,0.0003899395593682979,0.0007434944237918215,-1.09314153246419,-0.4250651932277321,-0.6680763392364579,0.3496535237435682,0.8024203965546302,False,False,0.0,0.0,0.0,0.0,0.0,0.0,0.0,0.0,0.0,0.0,0.0,NEUTRAL
**,11,2,1,8,0.00035650623885918,0.00019496977968414895,0.001486988847583643,-0.45571161184889836,1.645324134663666,-2.101035746512564,1.0,0.09926439143328288,False,False,0.0,0.0,0.0,0.0,0.0,0.0,0.0,0.0,0.0,0.0,0.0,DOWN_SAMPLING_ARTIFACT
",",1062,348,383,331,0.06203208556149733,0.07467342561902905,0.06152416356877324,0.2671301633837617,-0.011682160920217797,0.2788123243039795,0.010477576569802806,0.943455364495138,False,False,-8.664473684210526,9.372954968986042,38.0,-8.754934210526315,10.895090381508105,38.0,1.0,6.842105263157895,11.236842105263158,-5.842105263157895,-10.236842105263158,NEUTRAL
",""",10,6,1,3,0.0010695187165775401,0.00019496977968414895,0.0005576208178438662,-1.6781040331853463,-0.7469932881150945,-0.9311107450702518,0.16295276949469592,0.5456694127304467,False,False,0.0,0.0,0.0,0.0,0.0,0.0,0.0,0.0,0.0,0.0,0.0,NEUTRAL
.,730,256,228,246,0.04563279857397504,0.044453109767985964,0.045724907063197026,-0.0371698722246763,0.0031043163333092003,-0.0402741885579855,0.804301972987113,1.0,False,False,-10.584821428571429,6.561085339411761,14.0,-13.089285714285714,9.617464404193761,14.0,1.0,6.285714285714286,13.285714285714286,-5.285714285714286,-12.285714285714286,NEUTRAL
".
",12,5,1,6,0.00089126559714795,0.00019496977968414895,0.0011152416356877324,-1.4557116118488984,0.2827540552789577,-1.7384656671278562,0.26422346007148506,0.9446229250631505,False,False,0.0,0.0,0.0,0.0,0.0,0.0,0.0,0.0,0.0,0.0,0.0,NEUTRAL
".

",146,51,53,42,0.00909090909090909,0.010333398323259895,0.007806691449814126,0.18369867289463387,-0.21381332949648446,0.39751200239111834,0.5767796860735976,0.5283354405463377,False,False,0.0,0.0,0.0,0.0,0.0,0.0,0.0,0.0,0.0,0.0,0.0,NEUTRAL
0,17,8,2,7,0.00142602495543672,0.0003899395593682979,0.0013011152416356876,-1.4557116118488984,-0.10956336749980282,-1.3461482443490955,0.1494102182957155,1.0,False,False,0.0,0.0,0.0,0.0,0.0,0.0,0.0,0.0,0.0,0.0,0.0,NEUTRAL
1,13,4,2,7,0.00071301247771836,0.0003899395593682979,0.0013011152416356876,-0.6077147052939482,0.7384335390551474,-1.3461482443490955,0.7650018327029426,0.5009997432331685,False,False,0.0,0.0,0.0,0.0,0.0,0.0,0.0,0.0,0.0,0.0,0.0,DOWN_SAMPLING_ARTIFACT
2,16,3,3,10,0.0005347593582887701,0.0005849093390524469,0.0018587360594795538,0.12925088887225783,1.5197932525798068,-1.390542363707549,1.0,0.08168900253731612,False,False,0.0,0.0,0.0,0.0,0.0,0.0,0.0,0.0,0.0,0.0,0.0,DOWN_SAMPLING_ARTIFACT
3,18,6,7,5,0.0010695187165775401,0.0013647884577890426,0.0009293680297397769,0.3218959668146537,-0.16203078739393834,0.48392675420859205,0.8715004665787816,1.0,False,False,0.0,0.0,0.0,0.0,0.0,0.0,0.0,0.0,0.0,0.0,0.0,NEUTRAL
9,12,4,3,5,0.00071301247771836,0.0005849093390524469,0.0009293680297397769,-0.19267720601510446,0.32339603977630355,-0.516073245791408,1.0,0.9499067877020392,False,False,0.0,0.0,0.0,0.0,0.0,0.0,0.0,0.0,0.0,0.0,0.0,NEUTRAL
:,41,16,14,11,0.00285204991087344,0.002729576915578085,0.0020446096654275093,-0.05132135676956304,-0.44213870658667365,0.3908173498171106,1.0,0.5079627621955645,False,False,0.0,0.0,0.0,0.0,0.0,0.0,0.0,0.0,0.0,0.0,0.0,NEUTRAL
</think>,13,4,2,7,0.00071301247771836,0.0003899395593682979,0.0013011152416356876,-0.6077147052939482,0.7384335390551474,-1.3461482443490955,0.7650018327029426,0.5009997432331685,False,False,0.0,0.0,0.0,0.0,0.0,0.0,0.0,0.0,0.0,0.0,0.0,DOWN_SAMPLING_ARTIFACT
<think>,35,12,11,12,0.0021390374331550803,0.0021446675765256387,0.0022304832713754648,0.013773671452321666,0.06036163394250956,-0.046587962490187894,1.0,1.0,False,False,0.7272727272727273,0.5858172225035878,11.0,-1.3636363636363635,0.7276987388648235,11.0,1.0,1.0,1.0,0.0,0.0,UP_SUPPRESSED
?,22,12,3,7,0.0021390374331550803,0.0005849093390524469,0.0013011152416356876,-1.5711888292688343,-0.6400780841985825,-0.9311107450702518,0.05804670071863024,0.4080466946075675,False,False,0.0,0.0,0.0,0.0,0.0,0.0,0.0,0.0,0.0,0.0,0.0,NEUTRAL
Also,11,3,4,4,0.0005347593582887701,0.0007798791187365958,0.0007434944237918215,0.4511789837596201,0.38228972882987183,0.06888925492974829,0.9055439560691109,0.955819502998432,False,False,0.0,0.0,0.0,0.0,0.0,0.0,0.0,0.0,0.0,0.0,0.0,NEUTRAL
First,16,6,4,6,0.0010695187165775401,0.0007798791187365958,0.0011152416356877324,-0.356175938297984,0.06036163394250956,-0.41653757224049354,0.8612005562793602,1.0,False,False,0.0,0.0,0.0,0.0,0.0,0.0,0.0,0.0,0.0,0.0,0.0,NEUTRAL
I,47,18,15,14,0.0032085561497326204,0.002924546695262234,0.0026022304832713753,-0.11867662457132772,-0.28067528389255747,0.16199865932122975,0.9274229998617304,0.679874638317924,False,False,0.0,0.0,0.0,0.0,0.0,0.0,0.0,0.0,0.0,0.0,0.0,NEUTRAL
Okay,37,14,11,12,0.0024955436720142605,0.0021446675765256387,0.0022304832713754648,-0.19267720601510466,-0.146089243524917,-0.04658796249018765,0.8599543685205832,0.9286616570390708,False,False,-1.5227272727272727,2.3755382165273238,11.0,-0.5909090909090909,2.2535325803966293,11.0,1.0,1.0,1.0,0.0,0.0,NEUTRAL
Option,10,3,4,3,0.0005347593582887701,0.0007798791187365958,0.0005576208178438662,0.4511789837596201,0.06036163394250956,0.3908173498171106,0.9055439560691109,1.0,False,False,0.0,0.0,0.0,0.0,0.0,0.0,0.0,0.0,0.0,0.0,0.0,NEUTRAL
Over,23,14,0,9,0.0024955436720142605,0.0,0.0016728624535315986,-3.777639706736261,-0.5246008667786467,-3.2530388399576142,0.0009253591151003554,0.462571091579144,False,False,0.0,0.0,0.0,0.0,0.0,0.0,0.0,0.0,0.0,0.0,0.0,NEUTRAL
The,19,10,4,5,0.0017825311942959,0.0007798791187365958,0.0009293680297397769,-1.0082526348776772,-0.8141074839736314,-0.19414515090404583,0.24173760037873598,0.34079271707611297,False,False,0.0,0.0,0.0,0.0,0.0,0.0,0.0,0.0,0.0,0.0,0.0,NEUTRAL
Wait,27,8,9,10,0.00142602495543672,0.0017547280171573405,0.0018587360594795538,0.28125398231730764,0.3498682511374945,-0.06861426882018684,0.8532243403261712,0.7453097798999188,False,False,0.0,0.0,0.0,0.0,0.0,0.0,0.0,0.0,0.0,0.0,0.0,NEUTRAL
agna,17,6,5,6,0.0010695187165775401,0.0009748488984207448,0.0011152416356877324,-0.09314153246419003,0.06036163394250956,-0.1535031664066996,1.0,1.0,False,False,0.0,0.0,0.0,0.0,0.0,0.0,0.0,0.0,0.0,0.0,0.0,NEUTRAL
ent,42,13,18,11,0.0023172905525846704,0.003509456034314681,0.0020446096654275093,0.5698234802582391,-0.16203078739393834,0.7318542676521775,0.3319592635030461,0.9189700924833049,False,False,0.0,0.0,0.0,0.0,0.0,0.0,0.0,0.0,0.0,0.0,0.0,UP_SAMPLING_ARTIFACT
ing,14,5,5,4,0.00089126559714795,0.0009748488984207448,0.0007434944237918215,0.12925088887225783,-0.20267277189128421,0.33192366076354207,1.0,1.0,False,False,0.0,0.0,0.0,0.0,0.0,0.0,0.0,0.0,0.0,0.0,0.0,NEUTRAL
ls,18,6,5,7,0.0010695187165775401,0.0009748488984207448,0.0013011152416356876,-0.09314153246419003,0.2530067118849056,-0.34614824434909564,1.0,0.9398020947132412,False,False,0.0,0.0,0.0,0.0,0.0,0.0,0.0,0.0,0.0,0.0,0.0,NEUTRAL
ness,15,7,1,7,0.0012477718360071302,0.00019496977968414895,0.0013011152416356876,-1.8707491111277421,0.06036163394250956,-1.9311107450702516,0.1003120950485338,1.0,False,False,0.0,0.0,0.0,0.0,0.0,0.0,0.0,0.0,0.0,0.0,0.0,NEUTRAL
pa,10,3,6,1,0.0005347593582887701,0.0011698186781048938,0.0001858736059479554,0.9366058109298618,-0.9396383660574904,1.8762441769873521,0.42245020950791823,0.646717136823161,False,False,0.0,0.0,0.0,0.0,0.0,0.0,0.0,0.0,0.0,0.0,0.0,UP_SAMPLING_ARTIFACT
shine,41,13,18,10,0.0023172905525846704,0.003509456034314681,0.0018587360594795538,0.5698234802582391,-0.28756166947779715,0.8573851497360363,0.3319592635030461,0.7511962343651277,False,False,0.0,0.0,0.0,0.0,0.0,0.0,0.0,0.0,0.0,0.0,0.0,UP_SAMPLING_ARTIFACT
us,10,3,2,5,0.0005347593582887701,0.0003899395593682979,0.0009293680297397769,-0.2857866104065861,0.6453241346636659,-0.931110745070252,1.0,0.6796155502058661,False,False,0.0,0.0,0.0,0.0,0.0,0.0,0.0,0.0,0.0,0.0,0.0,DOWN_SAMPLING_ARTIFACT
